"","P_MA","P_Risk","f_technical"
"2010-04-01",NA,NA,NA
"2010-05-01",NA,NA,NA
"2010-06-01",NA,NA,NA
"2010-07-01",NA,NA,NA
"2010-08-01",NA,NA,NA
"2010-09-01",NA,0.746482884041132,NA
"2010-10-01",NA,0.581915346098478,NA
"2010-11-01",NA,0.49377147976984,NA
"2010-12-01",NA,0.481202246187231,NA
"2011-01-01",NA,0.50739659752937,NA
"2011-02-01",0.568294729101555,0.717947571685686,0.64312115039362
"2011-03-01",0.572916420733143,0.861029189191329,0.716972804962236
"2011-04-01",0.569126196068274,0.487382466992547,0.52825433153041
"2011-05-01",0.549874474796746,0.666973681569775,0.608424078183261
"2011-06-01",0.529630025711588,0.736993752534258,0.633311889122923
"2011-07-01",0.497730853713598,0.634698746963453,0.566214800338526
"2011-08-01",0.45801278790076,0.717686134823483,0.587849461362122
"2011-09-01",0.431938794692379,0.454023978022141,0.44298138635726
"2011-10-01",0.427209924990941,0.828544044207086,0.627876984599014
"2011-11-01",0.433053462757328,0.442466068090196,0.437759765423762
"2011-12-01",0.444276808065967,0.419117203041726,0.431697005553846
"2012-01-01",0.456182074310323,0.708302254971582,0.582242164640953
"2012-02-01",0.479787002030323,0.493154382782403,0.486470692406363
"2012-03-01",0.507018648971187,0.484895454615338,0.495957051793262
"2012-04-01",0.51501329058566,0.699052890847289,0.607033090716474
"2012-05-01",0.506191903197604,0.734651422308243,0.620421662752924
"2012-06-01",0.491664981294605,0.501198549383527,0.496431765339066
"2012-07-01",0.483871492477859,0.447283395611133,0.465577444044496
"2012-08-01",0.489159763065111,0.60490863343756,0.547034198251335
"2012-09-01",0.486327741249005,0.471849048355915,0.47908839480246
"2012-10-01",0.484268621497972,0.503223375862289,0.49374599868013
"2012-11-01",0.478504291056659,0.599475581561036,0.538989936308848
"2012-12-01",0.478120232886585,0.658507268013524,0.568313750450054
"2013-01-01",0.491178578038317,0.77160811982993,0.631393348934124
"2013-02-01",0.507785023263924,0.614645122164135,0.561215072714029
"2013-03-01",0.524596329393016,0.519734631789964,0.52216548059149
"2013-04-01",0.532517956997048,0.670983849187547,0.601750903092297
"2013-05-01",0.53879561757407,0.699641392903452,0.619218505238761
"2013-06-01",0.543117178116443,0.777712648587512,0.660414913351977
"2013-07-01",0.547671800228793,0.529174770763763,0.538423285496278
"2013-08-01",0.538131752427316,0.810642957865705,0.67438735514651
"2013-09-01",0.538194976988677,0.752443179251727,0.645319078120202
"2013-10-01",0.538435218112609,0.518466812748237,0.528451015430423
"2013-11-01",0.547882885832002,0.499890160673104,0.523886523252553
"2013-12-01",0.553985550257132,0.637290057268791,0.595637803762962
"2014-01-01",0.553143033903136,0.646053332423058,0.599598183163097
"2014-02-01",0.565112158191973,0.699504963061142,0.632308560626557
"2014-03-01",0.57523507426856,0.571511361302483,0.573373217785522
"2014-04-01",0.583824682066344,0.749347882025078,0.666586282045711
"2014-05-01",0.587735643329318,0.575614746782112,0.581675195055715
"2014-06-01",0.595885451499245,0.670580862568108,0.633233157033677
"2014-07-01",0.598067741869305,0.791335433301392,0.694701587585349
"2014-08-01",0.603364775655239,0.66492684185547,0.634145808755355
"2014-09-01",0.585681196270393,0.584373033474755,0.585027114872574
"2014-10-01",0.585588609410223,0.585040456043691,0.585314532726957
"2014-11-01",0.583583628760336,0.673323446056102,0.628453537408219
"2014-12-01",0.589383746778188,0.503333616991117,0.546358681884652
"2015-01-01",0.579624938017386,0.752120486000883,0.665872712009134
"2015-02-01",0.576741316464237,0.760607849933517,0.668674583198877
"2015-03-01",0.563886978418818,0.626559208186426,0.595223093302622
"2015-04-01",0.568897566497292,0.533279452827908,0.5510885096626
"2015-05-01",0.566064391425174,0.706611068653727,0.636337730039451
"2015-06-01",0.549105488773304,0.699883755265688,0.624494622019496
"2015-07-01",0.515894440080525,0.584062260543394,0.54997835031196
"2015-08-01",0.427169184341904,0.549339226657806,0.488254205499855
"2015-09-01",0.383699114471266,0.42850204626415,0.406100580367708
"2015-10-01",0.386149753793019,0.718929679274545,0.552539716533782
"2015-11-01",0.425301650660281,0.567616030256801,0.496458840458541
"2015-12-01",0.465014666776436,0.498653760668848,0.481834213722642
"2016-01-01",0.442849353245013,0.698225199810047,0.57053727652753
"2016-02-01",0.42544633758792,0.47248017242345,0.448963255005685
"2016-03-01",0.435376504346281,0.664158728104946,0.549767616225613
"2016-04-01",0.460757315932666,0.597696390887796,0.529226853410231
"2016-05-01",0.517993869220792,0.688297369941935,0.603145619581363
"2016-06-01",0.526868361977584,0.4947676215727,0.510817991775142
"2016-07-01",0.585162337137749,0.69601882242451,0.640590579781129
"2016-08-01",0.625712237204767,0.4669941263597,0.546353181782233
"2016-09-01",0.686942014126067,0.468097464313637,0.577519739219852
"2016-10-01",0.702119221089469,0.717896306084768,0.710007763587118
"2016-11-01",0.726764546208663,0.610609386817908,0.668686966513285
"2016-12-01",0.732416669631572,0.636804309132731,0.684610489382152
"2017-01-01",0.769426970956311,0.619616925199976,0.694521948078143
"2017-02-01",0.783650795597254,0.469915940113433,0.626783367855343
"2017-03-01",0.819796932621476,0.536482661318237,0.678139796969857
"2017-04-01",0.815843467424612,0.770662374316857,0.793252920870735
"2017-05-01",0.846803969538498,0.7725966015501,0.809700285544299
"2017-06-01",0.815305769798068,0.78047771679028,0.797891743294174
"2017-07-01",0.82288081858872,0.497373092319819,0.66012695545427
"2017-08-01",0.784072086389389,0.411229533246661,0.597650809818025
"2017-09-01",0.837513011831618,0.530599118115505,0.684056064973561
"2017-10-01",0.904854722563412,0.615245564344796,0.760050143454104
"2017-11-01",0.938923359787964,0.519860288364209,0.729391824076086
"2017-12-01",0.941075824490182,0.665706417999634,0.803391121244908
"2018-01-01",0.939407435728341,0.634005551167084,0.786706493447712
"2018-02-01",0.937457045870109,0.548559625410566,0.743008335640338
"2018-03-01",0.932787467109942,0.531238403173929,0.732012935141935
"2018-04-01",0.782014111253736,0.552365876928274,0.667189994091005
"2018-05-01",0.697011478032204,0.611380261514872,0.654195869773538
"2018-06-01",0.567330024919518,0.492604603725911,0.529967314322715
"2018-07-01",0.665414000179313,0.465763593191215,0.565588796685264
"2018-08-01",0.596151169625914,0.398545591772445,0.497348380699179
"2018-09-01",0.613910119022568,0.4393657486841,0.526637933853334
"2018-10-01",0.379267550365158,0.679540389281674,0.529403969823416
"2018-11-01",0.169445884659938,0.405232889231895,0.287339386945917
"2018-12-01",0.0562105565273152,0.453280170288559,0.254745363407937
"2019-01-01",0.0885927370280998,0.583125923211619,0.335859330119859
"2019-02-01",0.157622463887554,0.480323077524534,0.318972770706044
"2019-03-01",0.394801590314851,0.394564753996474,0.394683172155662
"2019-04-01",0.725846773678712,0.581206258793247,0.65352651623598
"2019-05-01",0.698772383354679,0.63761721464796,0.66819479900132
"2019-06-01",0.737728795558351,0.402822479830357,0.570275637694354
"2019-07-01",0.648033954726508,0.296252433480103,0.472143194103306
"2019-08-01",0.849729908736548,0.316549230074362,0.583139569405455
"2019-09-01",0.892677196405461,0.267597942470736,0.580137569438099
"2019-10-01",0.896001151415334,0.325638707316866,0.6108199293661
"2019-11-01",0.951355108063361,0.330661540596199,0.64100832432978
"2019-12-01",0.985270100759064,0.574481028933226,0.779875564846145
"2020-01-01",0.98837852832691,0.630994997018965,0.809686762672938
"2020-02-01",0.975020883089082,0.530029496371231,0.752525189730157
"2020-03-01",0.499586194848124,0.407494949831357,0.45354057233974
"2020-04-01",0.105927929581085,0.231890270267689,0.168909099924387
"2020-05-01",0.0294533895460228,0.240270581013677,0.13486198527985
"2020-06-01",0.156160540179057,0.295091940592027,0.225626240385542
"2020-07-01",0.521895126178574,0.261233698860392,0.391564412519483
"2020-08-01",0.873049868965416,0.223558739037046,0.548304304001231
"2020-09-01",0.947133647149723,0.712193807469303,0.829663727309513
"2020-10-01",0.956673902208631,0.456312528934161,0.706493215571396
"2020-11-01",0.993957905511147,0.596910647627054,0.795434276569101
"2020-12-01",0.999831075911248,0.183181721404235,0.591506398657741
"2021-01-01",0.999997115163997,0.240817689621707,0.620407402392852
"2021-02-01",0.999999499317369,0.056476765971794,0.528238132644581
"2021-03-01",0.999999337354246,0.0453951694867163,0.522697253420481
"2021-04-01",0.999997909114558,0.0513353151270923,0.525666612120825
"2021-05-01",0.999979297097233,0.0565838342159831,0.528281565656608
"2021-06-01",0.999964519500089,0.17524689422482,0.587605706862455
"2021-07-01",0.999966381360664,0.181836194721254,0.590901288040959
"2021-08-01",0.999972181002217,0.0921843458417922,0.546078263422004
"2021-09-01",0.999207337756971,0.325494257711002,0.662350797733987
"2021-10-01",0.99657301409418,0.170480349320509,0.583526681707344
"2021-11-01",0.999798508949747,0.265976229523947,0.632887369236847
"2021-12-01",0.999999547821799,0.00938845264258218,0.504694000232191
"2022-01-01",0.999996953523618,0.0276329615485209,0.51381495753607
"2022-02-01",0.991946746316648,0.00197122051996169,0.496958983418305
"2022-03-01",0.00860404838537731,0.00387785498665752,0.00624095168601741
"2022-04-01",1.98504444714898e-05,0.0335658314832924,0.0167928409638819
"2022-05-01",3.20838419030149e-07,0.0555716622601298,0.0277859915492744
"2022-06-01",9.68888239876458e-10,0.0901096680376793,0.0450548345032837
"2022-07-01",3.27987881208899e-09,0.209614125360781,0.10480706432033
"2022-08-01",1.36857460871896e-09,0.125998059700056,0.0629990305343154
"2022-09-01",4.36186111237557e-09,0.13110567007253,0.0655528372171954
"2022-10-01",2.92458052258627e-09,0.190677671991736,0.0953388374581584
"2022-11-01",1.72219590100876e-07,0.383426432475217,0.191713302347404
"2022-12-01",2.60304854035649e-05,0.29639442703806,0.148210228761732
"2023-01-01",0.00188830342312427,0.422973221770353,0.212430762596739
"2023-02-01",0.0209228933520531,0.164852430759549,0.0928876620558009
"2023-03-01",0.657809729771616,0.243869421141833,0.450839575456725
"2023-04-01",0.769646640843621,0.330635586283195,0.550141113563408
"2023-05-01",0.974325124326823,0.410159413384133,0.692242268855478
"2023-06-01",0.991980837043718,0.159699007348902,0.57583992219631
"2023-07-01",0.999845068492797,0.169143956124911,0.584494512308854
"2023-08-01",0.999857456824258,0.294285257943754,0.647071357384006
"2023-09-01",0.997704064010257,0.264368751761047,0.631036407885652
"2023-10-01",0.756610398176709,0.336663305375335,0.546636851776022
"2023-11-01",0.51252494438656,0.494466918942951,0.503495931664755
"2023-12-01",0.916449296586439,0.365658958179372,0.641054127382906
"2024-01-01",0.9986831143967,0.154198230626999,0.57644067251185
"2024-02-01",0.999982119019413,0.147094288180571,0.573538203599992
"2024-03-01",0.999998775960762,0.0629709678078251,0.531484871884294
"2024-04-01",0.999998814499609,0.131624669970615,0.565811742235112
"2024-05-01",0.999998289639668,0.0521503181699775,0.526074303904823
"2024-06-01",0.999998848983171,0.0419386900306622,0.520968769506917
"2024-07-01",0.999999457786161,0.0645151794212049,0.532257318603683
"2024-08-01",0.9999531139386,0.00551869730519097,0.502735905621895
"2024-09-01",0.911488490527494,0.0142469707704814,0.462867730648988
"2024-10-01",0.0249196255260609,0.0627628915297785,0.0438412585279197
"2024-11-01",0.000470458849394682,0.0566185583268324,0.0285445085881135
"2024-12-01",2.9406054750146e-05,0.213792583152586,0.106910994603668
